Timestamp_ms,RelativeTime_s,RPM,Boost_Specified_mbar,Boost_Actual_mbar,N75_Duty_pct,Driver_Wish_IQ_mg,Torque_Limit_IQ_mg,Smoke_Limit_IQ_mg,MAF_Actual_mg
1789366999302,0.792,0,N/A,N/A,N/A,N/A,N/A,N/A,N/A
1789367000400,1.890,0,N/A,N/A,N/A,N/A,N/A,N/A,N/A
1789367001552,3.042,0,N/A,N/A,N/A,N/A,N/A,N/A,N/A
1789367002660,4.150,0,N/A,N/A,N/A,N/A,N/A,N/A,N/A
1789367003766,5.256,0,N/A,N/A,N/A,N/A,N/A,N/A,N/A
1789367004874,6.364,0,N/A,N/A,N/A,N/A,N/A,N/A,N/A
1789367005956,7.446,0,N/A,N/A,N/A,N/A,N/A,N/A,N/A
1789367007079,8.569,0,N/A,N/A,N/A,N/A,N/A,N/A,N/A
1789367008182,9.672,0,N/A,N/A,N/A,N/A,N/A,N/A,N/A
1789367009321,10.811,0,N/A,N/A,N/A,N/A,N/A,N/A,N/A
1789367010431,11.921,0,N/A,N/A,N/A,N/A,N/A,N/A,N/A
1789367011557,13.047,0,N/A,N/A,N/A,N/A,N/A,N/A,N/A
1789367012666,14.156,0,N/A,N/A,N/A,N/A,N/A,N/A,N/A
1789367013823,15.313,0,N/A,N/A,N/A,N/A,N/A,N/A,N/A
1789367014938,16.428,0,N/A,N/A,N/A,N/A,N/A,N/A,N/A
1789367016047,17.537,0,N/A,N/A,N/A,N/A,N/A,N/A,N/A
1789367017167,18.657,0,N/A,N/A,N/A,N/A,N/A,N/A,N/A
1789367018300,19.790,0,N/A,N/A,N/A,N/A,N/A,N/A,N/A
1789367019379,20.869,0,N/A,N/A,N/A,N/A,N/A,N/A,N/A
1789367020502,21.992,0,N/A,N/A,N/A,N/A,N/A,N/A,N/A
1789367021634,23.124,0,N/A,N/A,N/A,N/A,N/A,N/A,N/A
1789367022768,24.258,0,N/A,N/A,N/A,N/A,N/A,N/A,N/A
1789367023884,25.374,0,N/A,N/A,N/A,N/A,N/A,N/A,N/A
1789367025015,26.505,0,N/A,N/A,N/A,N/A,N/A,N/A,N/A
1789367026102,27.592,0,N/A,N/A,N/A,N/A,N/A,N/A,N/A
1789367027281,28.771,0,N/A,N/A,N/A,N/A,N/A,N/A,N/A
1789367028365,29.855,0,N/A,N/A,N/A,N/A,N/A,N/A,N/A
1789367029524,31.014,0,N/A,N/A,N/A,N/A,N/A,N/A,N/A
1789367030625,32.115,0,N/A,N/A,N/A,N/A,N/A,N/A,N/A
1789367031724,33.214,0,N/A,N/A,N/A,N/A,N/A,N/A,N/A
1789367032818,34.308,0,N/A,N/A,N/A,N/A,N/A,N/A,N/A
1789367033907,35.397,0,N/A,N/A,N/A,N/A,N/A,N/A,N/A
1789367035035,36.525,0,N/A,N/A,N/A,N/A,N/A,N/A,N/A
1789367036173,37.663,0,N/A,N/A,N/A,N/A,N/A,N/A,N/A
1789367037302,38.792,0,N/A,N/A,N/A,N/A,N/A,N/A,N/A
1789367038403,39.893,0,N/A,N/A,N/A,N/A,N/A,N/A,N/A
1789367039538,41.028,0,N/A,N/A,N/A,N/A,N/A,N/A,N/A
1789367040705,42.195,0,N/A,N/A,N/A,N/A,N/A,N/A,N/A
1789367041805,43.295,0,N/A,N/A,N/A,N/A,N/A,N/A,N/A
1789367043011,44.501,0,N/A,N/A,N/A,N/A,N/A,N/A,N/A
1789367044089,45.579,0,N/A,N/A,N/A,N/A,N/A,N/A,N/A
1789367045174,46.664,0,N/A,N/A,N/A,N/A,N/A,N/A,N/A
1789367046273,47.763,0,N/A,N/A,N/A,N/A,N/A,N/A,N/A
1789367047361,48.851,0,N/A,N/A,N/A,N/A,N/A,N/A,N/A
1789367048513,50.003,0,N/A,N/A,N/A,N/A,N/A,N/A,N/A
1789367049677,51.167,0,N/A,N/A,N/A,N/A,N/A,N/A,N/A
1789367050775,52.265,0,N/A,N/A,N/A,N/A,N/A,N/A,N/A
1789367051894,53.384,0,N/A,N/A,N/A,N/A,N/A,N/A,N/A
1789367052990,54.480,0,N/A,N/A,N/A,N/A,N/A,N/A,N/A
1789367054221,55.711,0,N/A,N/A,N/A,N/A,N/A,N/A,N/A
1789367055359,56.849,0,N/A,N/A,N/A,N/A,N/A,N/A,N/A
1789367056430,57.920,0,N/A,N/A,N/A,N/A,N/A,N/A,N/A
1789367057566,59.056,0,N/A,N/A,N/A,N/A,N/A,N/A,N/A
1789367058657,60.147,0,N/A,N/A,N/A,N/A,N/A,N/A,N/A
1789367059818,61.308,0,N/A,N/A,N/A,N/A,N/A,N/A,N/A
1789367060900,62.390,0,N/A,N/A,N/A,N/A,N/A,N/A,N/A
1789367062011,63.501,0,N/A,N/A,N/A,N/A,N/A,N/A,N/A
1789367063214,64.704,0,N/A,N/A,N/A,N/A,N/A,N/A,N/A
1789367064377,65.867,0,N/A,N/A,N/A,N/A,N/A,N/A,N/A
1789367065550,67.040,0,N/A,N/A,N/A,N/A,N/A,N/A,N/A
1789367066740,68.230,0,N/A,N/A,N/A,N/A,N/A,N/A,N/A
1789367067935,69.425,0,N/A,N/A,N/A,N/A,N/A,N/A,N/A
1789367069072,70.562,0,N/A,N/A,N/A,N/A,N/A,N/A,N/A
1789367070258,71.748,0,N/A,N/A,N/A,N/A,N/A,N/A,N/A
1789367071431,72.921,0,N/A,N/A,N/A,N/A,N/A,N/A,N/A
1789367072622,74.112,0,N/A,N/A,N/A,N/A,N/A,N/A,N/A
1789367073790,75.280,0,N/A,N/A,N/A,N/A,N/A,N/A,N/A
1789367074931,76.421,0,N/A,N/A,N/A,N/A,N/A,N/A,N/A
1789367076067,77.557,0,N/A,N/A,N/A,N/A,N/A,N/A,N/A
1789367077157,78.647,0,N/A,N/A,N/A,N/A,N/A,N/A,N/A
1789367078332,79.822,0,N/A,N/A,N/A,N/A,N/A,N/A,N/A
1789367079487,80.977,0,N/A,N/A,N/A,N/A,N/A,N/A,N/A
1789367080649,82.139,0,N/A,N/A,N/A,N/A,N/A,N/A,N/A
1789367081792,83.282,0,N/A,N/A,N/A,N/A,N/A,N/A,N/A
1789367082973,84.463,0,N/A,N/A,N/A,N/A,N/A,N/A,N/A
1789367084207,85.697,0,N/A,N/A,N/A,N/A,N/A,N/A,N/A
1789367085440,86.930,0,N/A,N/A,N/A,N/A,N/A,N/A,N/A
1789367086616,88.106,0,N/A,N/A,N/A,N/A,N/A,N/A,N/A
1789367087820,89.310,0,N/A,N/A,N/A,N/A,N/A,N/A,N/A
1789367088993,90.483,0,N/A,N/A,N/A,N/A,N/A,N/A,N/A
1789367090089,91.579,0,N/A,N/A,N/A,N/A,N/A,N/A,N/A
1789367091220,92.710,0,N/A,N/A,N/A,N/A,N/A,N/A,N/A
1789367092362,93.852,0,N/A,N/A,N/A,N/A,N/A,N/A,N/A
1789367093474,94.964,0,N/A,N/A,N/A,N/A,N/A,N/A,N/A
1789367094671,96.161,0,N/A,N/A,N/A,N/A,N/A,N/A,N/A
1789367095833,97.323,0,N/A,N/A,N/A,N/A,N/A,N/A,N/A
1789367096958,98.448,0,N/A,N/A,N/A,N/A,N/A,N/A,N/A
1789367098117,99.607,0,N/A,N/A,N/A,N/A,N/A,N/A,N/A
1789367099227,100.717,0,N/A,N/A,N/A,N/A,N/A,N/A,N/A
1789367100407,101.897,0,N/A,N/A,N/A,N/A,N/A,N/A,N/A
1789367101540,103.030,0,N/A,N/A,N/A,N/A,N/A,N/A,N/A
1789367102722,104.212,0,N/A,N/A,N/A,N/A,N/A,N/A,N/A
1789367104020,105.510,0,N/A,N/A,N/A,N/A,N/A,N/A,N/A
1789367105135,106.625,0,N/A,N/A,N/A,N/A,N/A,N/A,N/A
1789367106331,107.821,0,N/A,N/A,N/A,N/A,N/A,N/A,N/A
1789367107428,108.918,0,N/A,N/A,N/A,N/A,N/A,N/A,N/A
1789367108587,110.077,0,N/A,N/A,N/A,N/A,N/A,N/A,N/A
1789367109768,111.258,0,N/A,N/A,N/A,N/A,N/A,N/A,N/A
1789367110946,112.436,0,N/A,N/A,N/A,N/A,N/A,N/A,N/A
1789367112096,113.586,0,N/A,N/A,N/A,N/A,N/A,N/A,N/A
1789367113301,114.791,0,N/A,N/A,N/A,N/A,N/A,N/A,N/A
1789367114545,116.035,0,N/A,N/A,N/A,N/A,N/A,N/A,N/A
1789367115716,117.206,0,N/A,N/A,N/A,N/A,N/A,N/A,N/A
1789367116950,118.440,0,N/A,N/A,N/A,N/A,N/A,N/A,N/A
1789367118170,119.660,0,N/A,N/A,N/A,N/A,N/A,N/A,N/A
1789367119278,120.768,0,N/A,N/A,N/A,N/A,N/A,N/A,N/A
1789367120433,121.923,0,N/A,N/A,N/A,N/A,N/A,N/A,N/A
1789367121592,123.082,0,N/A,N/A,N/A,N/A,N/A,N/A,N/A
1789367122810,124.300,0,N/A,N/A,N/A,N/A,N/A,N/A,N/A
1789367123950,125.440,0,N/A,N/A,N/A,N/A,N/A,N/A,N/A
1789367125105,126.595,0,N/A,N/A,N/A,N/A,N/A,N/A,N/A
1789367126274,127.764,0,N/A,N/A,N/A,N/A,N/A,N/A,N/A
1789367127442,128.932,0,N/A,N/A,N/A,N/A,N/A,N/A,N/A
1789367128565,130.055,0,N/A,N/A,N/A,N/A,N/A,N/A,N/A
1789367129672,131.162,0,N/A,N/A,N/A,N/A,N/A,N/A,N/A
